model,order,mae,rmse
ARIMA,"(3, 0, 2)",0.38789737557204357,0.5233306773226387
