model,order,mae,rmse
SARIMAX,"(3, 0, 1)",0.3571274932717685,0.4980008433177768
